{
	"garage":
	{
		"Description": "A dank garage, with a leaky pipe in the corner. It is filled to the brim with electronics. Is this really safe?",
		"Items":["Ravenette's tablet", "loose wires", "electronic rubber chicken"],
		"Adjacent rooms":["kitchen"],
		"Characters":["Ravenette"]
	},
	"patio":
	{
		"Description":"A patio overlooking a city of glittering lights. There's a small workbench setup, covered in a thin layer of circuit boards and faux feathers.",
		"Items":["faux feathers"],
		"Adjacent rooms":["kitchen"],
		"Characters":["Nullbird"]
	},
	"kitchen":
	{
		"Description": "A kitchen consisting entirely of a sink and a microwave. Someone really likes ramen.",
		"Items":[],
		"Adjacent rooms":["garage","patio"],
		"Characters":[]
	}
}